id,first_name,last_name,email,gender,date
1,Roseline,Lidierth,rlidierth0@163.com,Female,1987-01-09 12:39:30
2,Tori,McCloughlin,tmccloughlin1@fc2.com,Female,1978-03-02 22:48:08
3,Wood,Ciccerale,wciccerale2@google.nl,Male,1994-11-06 02:32:41
4,Andris,Cracker,acracker3@time.com,Male,1979-09-14 18:14:16
5,Auroora,Stirzaker,astirzaker4@geocities.jp,Female,1992-11-13 14:50:56
6,Filia,Richmont,frichmont5@mtv.com,Female,1999-05-13 14:52:17
7,Casie,Blackwell,cblackwell6@rediff.com,Female,1989-05-28 08:08:37
8,Bo,Muldowney,bmuldowney7@rambler.ru,Male,1987-06-09 21:10:05
9,Cob,Latta,clatta8@yahoo.com,Male,1988-04-26 19:20:23
10,Allyn,Westwick,awestwick9@flickr.com,Female,1980-06-13 09:20:11
11,Iormina,Deeson,ideesona@stumbleupon.com,Female,1996-05-20 08:56:12
12,Fredelia,Tombleson,ftomblesonb@amazon.co.uk,Female,1996-05-01 19:43:51
13,Benjie,Worsall,bworsallc@google.ru,Male,1985-04-20 15:23:01
14,Barrie,Celloni,bcellonid@feedburner.com,Male,1978-09-21 10:09:16
15,Hermina,Lilford,hlilforde@uol.com.br,Female,1988-10-27 14:00:05
16,Nikolaos,Franke,nfrankef@pen.io,Male,1983-04-04 16:08:09
17,Tove,Ruddy,truddyg@noaa.gov,Female,1985-10-01 07:17:19
18,Cameron,Meanwell,cmeanwellh@goo.ne.jp,Male,1994-01-17 20:42:09
19,Lyndy,Mathis,lmathisi@booking.com,Female,1995-02-04 23:31:00
20,Marylou,Gardiner,mgardinerj@nba.com,Female,1982-12-21 21:34:11
21,Ferguson,Furze,ffurzek@netvibes.com,Male,1983-10-24 23:08:33
22,Issi,Dragoe,idragoel@flavors.me,Female,1981-01-23 20:37:06
23,Keefer,Andreou,kandreoum@wordpress.com,Male,1987-02-27 05:04:02
24,Walton,Mardoll,wmardolln@free.fr,Male,1991-04-07 21:48:35
25,Gardie,Scyone,gscyoneo@amazonaws.com,Male,1998-11-28 16:51:30
26,Paulette,Harbison,pharbisonp@aboutads.info,Female,1996-11-17 03:41:22
27,Chantalle,Grayland,cgraylandq@github.com,Female,1991-04-02 12:02:29
28,Philippa,Cockley,pcockleyr@friendfeed.com,Female,1991-09-12 21:54:34
29,Tommi,Duplock,tduplocks@artisteer.com,Female,1990-09-14 06:13:07
30,Marty,Phizaclea,mphizacleat@utexas.edu,Male,1994-10-02 04:32:53
31,Dolores,Eilles,deillesu@arstechnica.com,Female,1993-09-18 14:34:47
32,Romain,Loiterton,rloitertonv@live.com,Male,1988-03-26 12:03:21
33,Neddie,Crump,ncrumpw@sfgate.com,Male,1990-09-13 03:03:39
34,Christos,Mannin,cmanninx@wikimedia.org,Male,1984-12-22 00:54:44
35,Noble,Raynard,nraynardy@joomla.org,Male,1997-09-22 07:50:37
36,Caitlin,Rude,crudez@google.com.au,Female,1994-02-01 17:13:36
37,Loralie,Mathieu,lmathieu10@skyrock.com,Female,1983-04-09 17:29:05
38,Betteanne,Rawstorn,brawstorn11@blinklist.com,Female,1982-08-06 02:09:23
39,Florry,Sygroves,fsygroves12@ehow.com,Female,1998-09-15 09:24:40
40,Wenonah,Lewsy,wlewsy13@51.la,Female,1984-11-27 01:02:38
41,Felipa,Gales,fgales14@360.cn,Female,1982-10-03 15:49:39
42,Emmy,Tinson,etinson15@yale.edu,Male,1978-11-17 21:46:40
43,Tobe,Bradborne,tbradborne16@ning.com,Male,1977-02-11 00:07:27
44,Ellary,Chaston,echaston17@ucsd.edu,Male,1975-06-08 20:58:04
45,Rowland,Odde,rodde18@dell.com,Male,1994-01-15 19:53:25
46,Taddeusz,Hallitt,thallitt19@naver.com,Male,1981-11-05 04:14:53
47,Alphard,Kingscote,akingscote1a@dagondesign.com,Male,1987-01-26 01:45:26
48,Brandie,Ludwikiewicz,bludwikiewicz1b@prweb.com,Female,1978-10-04 18:37:38
49,Felicity,Knibbs,fknibbs1c@tumblr.com,Female,1983-01-01 07:36:48
50,Flossy,Jimenez,fjimenez1d@wordpress.org,Female,1981-06-21 02:57:46
51,Gennie,Gowry,ggowry1e@oaic.gov.au,Female,1978-07-13 22:43:30
52,Bennie,Fraschini,bfraschini1f@last.fm,Male,1979-08-05 19:53:36
53,Pieter,Botfield,pbotfield1g@github.io,Male,1988-03-01 05:48:39
54,Drugi,Auckland,dauckland1h@indiegogo.com,Male,1980-06-08 05:50:36
55,Francklin,Gipson,fgipson1i@yolasite.com,Male,1984-11-21 11:20:26
56,Matthias,Williment,mwilliment1j@livejournal.com,Male,1994-05-21 19:55:55
57,Roana,Bigg,rbigg1k@loc.gov,Female,1995-12-12 07:39:05
58,Kissee,Rosterne,krosterne1l@paginegialle.it,Female,1983-04-08 15:26:58
59,Inglebert,Barling,ibarling1m@addtoany.com,Male,1992-05-30 14:44:48
60,Forster,Sunter,fsunter1n@github.io,Male,1999-02-19 23:43:44
61,Davie,Horsley,dhorsley1o@rakuten.co.jp,Male,1998-12-22 16:08:46
62,Corbie,Akker,cakker1p@cdc.gov,Male,1997-03-03 22:55:15
63,Marlowe,Bruckent,mbruckent1q@nature.com,Male,1977-03-10 11:02:53
64,Kelly,Whitney,kwhitney1r@tripadvisor.com,Male,1978-02-04 05:32:23
65,Priscella,Hayland,phayland1s@bloglovin.com,Female,1985-02-21 17:26:27
66,Beatrice,Roddick,broddick1t@irs.gov,Female,1999-06-29 09:49:41
67,Lee,MacCarter,lmaccarter1u@ihg.com,Male,1981-12-14 18:24:12
68,Randolf,Aubrun,raubrun1v@wikipedia.org,Male,1990-06-19 08:03:20
69,Dilly,Mowson,dmowson1w@cdbaby.com,Male,1991-02-27 11:28:51
70,Georgianna,Fleis,gfleis1x@unc.edu,Female,1994-03-16 23:57:14
71,Arther,Munnion,amunnion1y@tamu.edu,Male,1986-03-27 19:04:00
72,Lynne,McFarland,lmcfarland1z@sourceforge.net,Female,1975-06-14 18:11:37
73,Faunie,Pedycan,fpedycan20@google.com.br,Female,1981-11-04 07:40:59
74,Edouard,Gayther,egayther21@state.gov,Male,1989-08-17 09:38:49
75,Carma,Giuroni,cgiuroni22@woothemes.com,Female,1998-06-23 17:43:26
76,Danni,Simak,dsimak23@java.com,Female,2000-02-03 02:29:57
77,Agosto,Shay,ashay24@delicious.com,Male,1976-01-04 03:07:22
78,Durward,Bowhey,dbowhey25@reuters.com,Male,1990-11-04 16:41:27
79,Omero,MacGillespie,omacgillespie26@stumbleupon.com,Male,1984-09-23 07:08:23
80,Natala,Wilmore,nwilmore27@photobucket.com,Female,1990-11-17 14:20:41
81,Bev,Capeling,bcapeling28@artisteer.com,Male,1977-12-31 21:53:01
82,Caz,Hook,chook29@sun.com,Male,1982-11-25 20:20:37
83,Lynnette,Frankiss,lfrankiss2a@aboutads.info,Female,1994-03-19 22:12:37
84,Tremayne,Lindop,tlindop2b@umich.edu,Male,1987-08-06 07:46:54
85,Ellette,Mattersey,emattersey2c@i2i.jp,Female,1982-01-14 11:55:56
86,Binny,Canfer,bcanfer2d@mashable.com,Female,1998-06-01 23:48:53
87,Ellwood,Stocky,estocky2e@accuweather.com,Male,1977-04-30 16:33:38
88,Dav,Robjohns,drobjohns2f@microsoft.com,Male,1996-04-23 05:32:22
89,Franz,Sheer,fsheer2g@mashable.com,Male,1979-07-21 07:22:24
90,Arlyne,Llewelyn,allewelyn2h@exblog.jp,Female,1978-04-15 05:03:16
91,Mirna,Palmer,mpalmer2i@hostgator.com,Female,1983-12-06 08:11:26
92,Irita,Varran,ivarran2j@eepurl.com,Female,1979-11-27 09:11:57
93,Weber,Konke,wkonke2k@chronoengine.com,Male,1981-09-03 09:32:35
94,Luciano,Odgers,lodgers2l@theglobeandmail.com,Male,1980-12-16 14:59:08
95,Lucien,Vinten,lvinten2m@geocities.jp,Male,1978-03-21 17:55:14
96,Dall,Bothram,dbothram2n@discovery.com,Male,1981-11-01 09:10:35
97,Geraldine,Hollingsby,ghollingsby2o@bloglines.com,Female,1976-11-29 16:58:14
98,Gayleen,Courvert,gcourvert2p@eventbrite.com,Female,1981-08-16 20:43:35
99,Mackenzie,Happs,mhapps2q@psu.edu,Male,1982-11-20 23:08:10
100,Octavia,Plott,oplott2r@mozilla.org,Female,1997-06-17 10:40:38
101,Lindsay,Skeene,lskeene2s@squarespace.com,Female,1999-08-11 23:39:03
102,Calhoun,Juster,cjuster2t@amazon.de,Male,1980-09-12 14:37:33
103,Kinny,Dullard,kdullard2u@blogger.com,Male,1992-02-25 01:38:38
104,Foss,Tolefree,ftolefree2v@pagesperso-orange.fr,Male,1991-10-26 09:42:07
105,Job,McCarroll,jmccarroll2w@pbs.org,Male,1983-02-11 20:26:53
106,Farah,Whatsize,fwhatsize2x@ucla.edu,Female,1981-05-30 20:56:22
107,Lorna,Easton,leaston2y@skyrock.com,Female,1999-05-21 06:17:49
108,Tilda,Sahnow,tsahnow2z@list-manage.com,Female,1999-02-03 18:48:27
109,Samaria,Tolmie,stolmie30@ebay.com,Female,1997-11-22 05:37:17
110,Nico,Perks,nperks31@symantec.com,Male,1991-09-06 01:31:59
111,Clea,Karpmann,ckarpmann32@yolasite.com,Female,1979-02-14 07:22:07
112,Clementina,Roj,croj33@cam.ac.uk,Female,1979-06-14 19:04:35
113,Dolly,Dyson,ddyson34@bandcamp.com,Female,1984-08-29 16:25:19
114,Rosanna,Irnys,rirnys35@creativecommons.org,Female,1988-12-03 10:03:49
115,Callida,Ginnally,cginnally36@xrea.com,Female,1993-02-20 20:34:55
116,Ranice,Dumberell,rdumberell37@flickr.com,Female,1980-05-01 03:07:58
117,Eadie,Cowden,ecowden38@istockphoto.com,Female,1980-06-12 11:29:35
118,Desmund,Etchells,detchells39@wordpress.com,Male,1988-09-24 12:11:22
119,Mari,Genn,mgenn3a@w3.org,Female,1999-02-18 07:34:07
120,Augusta,Marquis,amarquis3b@squarespace.com,Female,1975-08-07 23:46:46
121,Alistair,Cheese,acheese3c@prlog.org,Male,1986-06-26 08:32:02
122,Heath,Antos,hantos3d@linkedin.com,Male,1988-08-25 10:11:36
123,Trixi,Lardez,tlardez3e@ucsd.edu,Female,1997-10-01 22:49:36
124,Otes,Yukhov,oyukhov3f@flickr.com,Male,1979-05-13 14:07:21
125,Arlena,McGuane,amcguane3g@blinklist.com,Female,1983-05-05 08:48:03
126,Luther,Del Castello,ldelcastello3h@weibo.com,Male,1984-12-08 04:03:28
127,Ber,Jenoure,bjenoure3i@xinhuanet.com,Male,1996-01-24 19:20:59
128,Gael,Conrard,gconrard3j@liveinternet.ru,Female,1986-02-09 15:31:43
129,Lynne,Shelton,lshelton3k@foxnews.com,Female,1993-06-21 17:05:45
130,Caresa,Lerwell,clerwell3l@google.com.au,Female,1977-12-21 00:30:58
131,Whitney,McGifford,wmcgifford3m@cdc.gov,Female,1985-08-31 05:18:03
132,Fredrick,Cardnell,fcardnell3n@admin.ch,Male,1983-10-15 19:01:31
133,Joletta,Limbourne,jlimbourne3o@toplist.cz,Female,1977-07-15 05:54:42
134,Man,Hutfield,mhutfield3p@whitehouse.gov,Male,1986-04-13 19:25:18
135,Josie,Dudhill,jdudhill3q@google.de,Female,1975-05-15 16:52:58
136,Jameson,Dinesen,jdinesen3r@ehow.com,Male,1979-05-22 10:23:04
137,Brenn,Ledward,bledward3s@soup.io,Female,1991-01-20 12:17:34
138,Johnette,Dakers,jdakers3t@seattletimes.com,Female,1975-09-03 03:29:20
139,Ann,Alloway,aalloway3u@goo.gl,Female,2000-02-14 03:32:43
140,Dan,Tyer,dtyer3v@people.com.cn,Male,1994-07-19 08:29:46
141,Aurel,Tull,atull3w@reference.com,Female,2000-03-31 00:49:53
142,Ferrel,Robertelli,frobertelli3x@gnu.org,Male,1984-01-27 02:39:47
143,Pascal,Geraldini,pgeraldini3y@dailymail.co.uk,Male,1975-07-16 21:49:08
144,Zora,Gladdis,zgladdis3z@buzzfeed.com,Female,1985-06-09 13:58:25
145,Lewie,Dollar,ldollar40@samsung.com,Male,1992-02-17 09:58:32
146,Caril,Robardey,crobardey41@amazon.de,Female,1994-10-10 00:08:45
147,Luelle,Eller,leller42@spotify.com,Female,1985-05-16 11:05:18
148,Husein,Carde,hcarde43@studiopress.com,Male,1998-05-08 11:11:53
149,Adolpho,Beaman,abeaman44@sun.com,Male,1999-05-30 00:48:43
150,Hailey,Simoneton,hsimoneton45@merriam-webster.com,Male,1983-08-09 16:37:54
151,Kain,Harcombe,kharcombe46@unicef.org,Male,1997-05-11 09:50:14
152,Judah,O'Doherty,jodoherty47@meetup.com,Male,1976-09-03 19:23:56
153,Rhea,Hansmann,rhansmann48@howstuffworks.com,Female,1992-01-10 17:20:15
154,Alessandra,House,ahouse49@intel.com,Female,1986-01-29 22:16:57
155,Fields,Mackriell,fmackriell4a@people.com.cn,Male,1981-01-07 16:15:51
156,Brianna,Thorius,bthorius4b@weibo.com,Female,1984-11-23 09:46:52
157,Freeman,Dust,fdust4c@google.pl,Male,1985-01-18 01:07:52
158,Elysha,Sach,esach4d@aboutads.info,Female,1989-02-06 12:41:51
159,Trev,Seson,tseson4e@booking.com,Male,1980-07-20 13:24:36
160,Carlotta,Abrahmovici,cabrahmovici4f@ca.gov,Female,1992-04-04 09:26:42
161,Melloney,Wenman,mwenman4g@shutterfly.com,Female,1982-11-16 09:50:38
162,Brantley,De Roberto,bderoberto4h@google.pl,Male,1998-01-20 09:54:12
163,Niel,Lockhart,nlockhart4i@macromedia.com,Male,1998-06-28 03:12:21
164,Hamish,O' Finan,hofinan4j@mail.ru,Male,1988-01-20 07:37:10
165,Scot,Capp,scapp4k@omniture.com,Male,1991-04-03 05:21:19
166,Elga,Giordano,egiordano4l@123-reg.co.uk,Female,1981-03-08 13:21:48
167,Eddie,Broscombe,ebroscombe4m@cafepress.com,Female,1997-09-16 00:09:46
168,Donal,Jerrams,djerrams4n@usgs.gov,Male,1983-11-09 13:52:53
169,Christophe,Winstanley,cwinstanley4o@arizona.edu,Male,1983-09-03 12:21:39
170,Lorrayne,Lambrechts,llambrechts4p@msu.edu,Female,1997-05-24 07:44:04
171,Carley,Poli,cpoli4q@ask.com,Female,1979-12-10 18:38:17
172,Nickey,Liggett,nliggett4r@bing.com,Male,1999-08-11 04:19:44
173,Emelda,Sired,esired4s@dmoz.org,Female,1979-11-26 18:05:27
174,Oneida,Small,osmall4t@nationalgeographic.com,Female,1993-11-02 09:01:49
175,Jeannine,Stanfield,jstanfield4u@issuu.com,Female,1989-04-27 03:09:04
176,Julissa,Etherton,jetherton4v@si.edu,Female,1987-08-27 05:46:00
177,Cooper,Lorait,clorait4w@examiner.com,Male,1981-06-04 01:48:05
178,Cynthea,Gabbetis,cgabbetis4x@noaa.gov,Female,1995-03-18 22:01:35
179,Selena,Goldsberry,sgoldsberry4y@sitemeter.com,Female,1997-11-04 13:00:42
180,Godfry,Virr,gvirr4z@senate.gov,Male,1976-02-13 18:26:38
181,Shandeigh,Ellingham,sellingham50@netlog.com,Female,1985-07-24 20:59:53
182,Shena,McCurry,smccurry51@nature.com,Female,1987-07-21 02:49:51
183,Gusti,Meneo,gmeneo52@issuu.com,Female,1982-11-12 01:35:39
184,Bearnard,Milby,bmilby53@nytimes.com,Male,1976-01-28 02:25:02
185,Hubert,Livett,hlivett54@utexas.edu,Male,1996-03-24 22:45:36
186,Theadora,Mayor,tmayor55@networksolutions.com,Female,1980-09-17 23:20:30
187,Cyndi,Roly,croly56@gravatar.com,Female,1992-03-19 06:33:58
188,Roxane,Bailie,rbailie57@sakura.ne.jp,Female,1996-05-02 09:50:26
189,Bax,Mees,bmees58@hhs.gov,Male,1992-01-07 15:31:29
190,Feodora,Whordley,fwhordley59@quantcast.com,Female,1995-02-19 10:42:23
191,Nicolas,Aggs,naggs5a@1und1.de,Male,1993-10-03 23:35:28
192,Alejandrina,Ebenezer,aebenezer5b@wordpress.com,Female,1992-12-31 12:28:44
193,Bern,Mantione,bmantione5c@nymag.com,Male,1996-08-28 00:27:44
194,Tucker,Cecchetelli,tcecchetelli5d@elegantthemes.com,Male,1996-11-20 06:45:34
195,Archibald,Simanek,asimanek5e@wix.com,Male,1975-09-16 02:58:14
196,Gabi,Whaley,gwhaley5f@amazonaws.com,Female,1976-09-24 13:30:05
197,Pepillo,Tiplady,ptiplady5g@blinklist.com,Male,1990-02-26 23:13:00
198,Garek,Blanking,gblanking5h@ox.ac.uk,Male,1986-10-30 01:06:03
199,Christiano,Drews,cdrews5i@biblegateway.com,Male,1975-06-02 11:13:58
200,Mendie,Raddish,mraddish5j@ocn.ne.jp,Male,1975-05-15 13:18:02
201,Huey,Sarten,hsarten5k@dell.com,Male,1987-05-31 09:36:33
202,Creigh,Connikie,cconnikie5l@tinypic.com,Male,1997-01-24 02:32:58
203,Dyna,Windeatt,dwindeatt5m@diigo.com,Female,1997-06-04 02:50:06
204,Godiva,Peat,gpeat5n@fotki.com,Female,1978-11-19 00:06:58
205,Wilhelm,Trumble,wtrumble5o@columbia.edu,Male,1995-04-12 01:44:52
206,Rosa,Arkil,rarkil5p@bloglines.com,Female,1990-10-08 06:58:18
207,Tonie,Dorgan,tdorgan5q@feedburner.com,Female,1982-09-30 18:38:07
208,Dugald,Katte,dkatte5r@macromedia.com,Male,1997-06-30 11:11:07
209,Brodie,Benini,bbenini5s@dailymail.co.uk,Male,2000-04-12 00:46:17
210,Caspar,Corrison,ccorrison5t@ox.ac.uk,Male,1980-04-18 17:18:32
211,Prissie,Stredder,pstredder5u@blog.com,Female,1999-04-03 22:41:49
212,Goldie,Huggan,ghuggan5v@acquirethisname.com,Female,1996-01-18 18:39:05
213,Dela,Bearns,dbearns5w@squidoo.com,Female,1991-05-07 11:59:07
214,Denny,Petrakov,dpetrakov5x@cbc.ca,Male,1979-08-06 16:07:34
215,Ewen,Basindale,ebasindale5y@ocn.ne.jp,Male,1987-11-18 02:35:50
216,Reg,Gladman,rgladman5z@webmd.com,Male,1994-07-09 03:38:41
217,Alasteir,Gooders,agooders60@theglobeandmail.com,Male,1987-06-24 07:39:30
218,Florri,Grane,fgrane61@forbes.com,Female,1980-08-21 00:04:32
219,Kerry,Snoxill,ksnoxill62@unesco.org,Male,1985-07-11 16:18:42
220,Josy,Polye,jpolye63@shop-pro.jp,Female,1985-12-24 14:31:55
221,Hurley,Vaughan-Hughes,hvaughanhughes64@furl.net,Male,1996-07-04 18:08:06
222,Ilsa,Coldtart,icoldtart65@free.fr,Female,1984-08-09 01:16:01
223,Sheffie,Leynham,sleynham66@google.cn,Male,1977-02-12 01:45:24
224,Sarena,Wildman,swildman67@samsung.com,Female,1998-06-29 15:56:48
225,Sephira,Castiglione,scastiglione68@jiathis.com,Female,1987-10-11 06:37:56
226,Eddie,Pyburn,epyburn69@shop-pro.jp,Male,1993-06-30 18:12:25
227,Chauncey,Browning,cbrowning6a@1und1.de,Male,1987-02-15 00:58:41
228,Penny,Broady,pbroady6b@comcast.net,Male,1977-10-24 00:42:31
229,Alexi,O'Lenechan,aolenechan6c@tripod.com,Female,1986-10-10 06:18:32
230,Catrina,Beament,cbeament6d@hao123.com,Female,1978-12-11 17:11:52
231,Ramonda,Scollick,rscollick6e@slate.com,Female,1979-12-25 23:32:56
232,Dickie,Hillett,dhillett6f@flavors.me,Male,1981-05-16 01:45:09
233,Alisun,McQuarter,amcquarter6g@sun.com,Female,1977-08-16 14:03:03
234,Celeste,Renals,crenals6h@stumbleupon.com,Female,1985-05-19 17:43:29
235,Paul,Colleck,pcolleck6i@seattletimes.com,Male,1987-12-02 06:50:01
236,Marion,Elliston,melliston6j@fema.gov,Male,1985-11-15 15:19:23
237,Ruperto,Largan,rlargan6k@answers.com,Male,1993-09-07 02:11:13
238,Gerard,Cartmael,gcartmael6l@patch.com,Male,1984-02-14 08:04:32
239,Ring,Snugg,rsnugg6m@vinaora.com,Male,1990-05-24 10:19:24
240,Adelind,Surpliss,asurpliss6n@upenn.edu,Female,1977-04-05 16:10:40
241,Weider,Harteley,wharteley6o@telegraph.co.uk,Male,1987-02-17 21:52:56
242,Lynnea,Ravel,lravel6p@google.cn,Female,1989-01-11 06:57:01
243,Wiatt,Deevey,wdeevey6q@comcast.net,Male,1985-02-26 22:04:49
244,Reidar,Pomfrey,rpomfrey6r@timesonline.co.uk,Male,1999-06-30 05:53:37
245,Mychal,Mycock,mmycock6s@stanford.edu,Male,1995-01-12 12:40:46
246,Marlo,Dennison,mdennison6t@answers.com,Male,1979-10-09 01:31:53
247,Luz,Cars,lcars6u@skype.com,Female,1984-04-01 10:06:36
248,Vivianne,Fabbro,vfabbro6v@virginia.edu,Female,1983-05-15 20:56:18
249,Arnoldo,Behling,abehling6w@columbia.edu,Male,1988-12-13 22:05:42
250,Bartel,Da Costa,bdacosta6x@forbes.com,Male,1981-08-09 14:16:47
251,Alicea,Baccup,abaccup6y@google.ru,Female,1993-01-08 19:09:52
252,Granthem,Pray,gpray6z@exblog.jp,Male,1995-12-01 08:22:03
253,Farleigh,Goodbar,fgoodbar70@jimdo.com,Male,1997-07-31 05:29:58
254,Hakim,Hodcroft,hhodcroft71@desdev.cn,Male,1994-03-17 08:21:39
255,Etienne,Legrand,elegrand72@theglobeandmail.com,Male,1991-06-17 00:09:48
256,Chev,Sharrocks,csharrocks73@feedburner.com,Male,1991-06-08 15:01:07
257,Bradford,Lowy,blowy74@4shared.com,Male,1986-06-24 08:08:48
258,Elbertine,Sanches,esanches75@intel.com,Female,1986-01-31 22:14:33
259,Kelley,McGrail,kmcgrail76@arstechnica.com,Female,1993-11-02 09:07:39
260,Madeline,Sandeson,msandeson77@oracle.com,Female,1997-03-19 01:29:47
261,Bernhard,Abby,babby78@nasa.gov,Male,1981-08-19 07:52:20
262,Tallia,Hirth,thirth79@aol.com,Female,1989-12-03 01:58:24
263,Angel,Nan Carrow,anancarrow7a@yandex.ru,Male,1997-07-07 21:48:11
264,Sam,Lithgow,slithgow7b@wiley.com,Male,1992-04-15 17:47:05
265,Alan,Bentham,abentham7c@1und1.de,Male,1982-04-15 03:45:07
266,Ciro,Balcombe,cbalcombe7d@buzzfeed.com,Male,1981-01-05 20:28:33
267,Mikel,Feeny,mfeeny7e@bloglines.com,Male,1997-03-03 10:09:32
268,Hedvige,Molyneaux,hmolyneaux7f@cam.ac.uk,Female,1985-12-11 18:41:45
269,Auberon,Hooban,ahooban7g@phpbb.com,Male,1984-05-29 11:17:08
270,Wallache,Hubbart,whubbart7h@webnode.com,Male,1984-05-05 16:07:28
271,Rozalin,Smethurst,rsmethurst7i@goo.ne.jp,Female,1990-05-12 08:11:56
272,Cathryn,Bernardez,cbernardez7j@yahoo.co.jp,Female,1997-08-07 06:45:58
273,Kariotta,Kleis,kkleis7k@cornell.edu,Female,1984-07-20 16:08:49
274,Dorree,Jowsey,djowsey7l@europa.eu,Female,1980-08-03 10:55:06
275,Stephanie,Dennant,sdennant7m@wikimedia.org,Female,1996-08-30 21:16:36
276,Miltie,Creboe,mcreboe7n@taobao.com,Male,1979-05-19 00:57:07
277,Irma,Arnatt,iarnatt7o@sciencedaily.com,Female,1979-05-06 07:55:53
278,Bogey,Cosser,bcosser7p@comsenz.com,Male,1988-07-05 05:47:56
279,Honoria,Arton,harton7q@mozilla.com,Female,1985-02-20 07:11:04
280,Dane,Tilly,dtilly7r@canalblog.com,Male,1995-02-18 18:21:49
281,Osborne,Morling,omorling7s@redcross.org,Male,1987-09-08 18:41:09
282,Giordano,De Bischop,gdebischop7t@drupal.org,Male,1978-06-17 13:14:52
283,Benedick,Rodden,brodden7u@seattletimes.com,Male,1985-08-10 04:15:31
284,Kathye,Fenix,kfenix7v@newsvine.com,Female,1978-07-06 10:01:41
285,Dode,Maltster,dmaltster7w@mysql.com,Female,1987-03-12 04:54:39
286,Baird,Ferrick,bferrick7x@xrea.com,Male,1994-02-25 12:37:35
287,Roch,Pethrick,rpethrick7y@tripod.com,Female,1984-07-19 15:06:12
288,Bobbie,Scotts,bscotts7z@nymag.com,Male,1982-12-13 11:43:12
289,Brigg,Willoughby,bwilloughby80@epa.gov,Male,1986-03-12 17:23:21
290,Salaidh,MacAree,smacaree81@who.int,Female,1996-11-05 02:53:08
291,Leisha,Stode,lstode82@a8.net,Female,1982-10-08 07:45:30
292,Octavia,Ivanets,oivanets83@ucla.edu,Female,1993-12-22 17:41:29
293,Alexa,Bedo,abedo84@va.gov,Female,1990-08-19 18:35:12
294,Albertine,Goggan,agoggan85@adobe.com,Female,1996-04-09 07:29:29
295,Rustie,Mungham,rmungham86@webeden.co.uk,Male,1999-02-27 20:05:40
296,Ardith,Bilt,abilt87@microsoft.com,Female,1989-12-01 11:01:08
297,Norrie,Spenley,nspenley88@cargocollective.com,Male,1986-01-19 07:28:57
298,Bernette,Bote,bbote89@indiatimes.com,Female,1992-04-06 15:55:03
299,Guinna,Pawlowicz,gpawlowicz8a@ifeng.com,Female,1982-08-28 08:36:08
300,Esther,Grundon,egrundon8b@flavors.me,Female,1986-11-19 15:10:01
301,Alfonse,Mellodey,amellodey8c@people.com.cn,Male,1995-04-19 14:47:45
302,Marin,Norvill,mnorvill8d@china.com.cn,Female,1990-12-22 04:17:32
303,Dulcinea,Sineath,dsineath8e@hugedomains.com,Female,1987-08-01 20:05:59
304,Maurine,Bilverstone,mbilverstone8f@storify.com,Female,1977-04-21 21:46:43
305,Jackquelin,Haddleston,jhaddleston8g@bloglines.com,Female,1985-03-27 11:50:25
306,Lettie,Backhouse,lbackhouse8h@globo.com,Female,1996-12-20 12:23:02
307,Todd,Hollingdale,thollingdale8i@census.gov,Male,1990-11-20 01:50:50
308,Morlee,Raoult,mraoult8j@sbwire.com,Male,1998-08-13 09:30:17
309,Jonathon,O'Rodane,jorodane8k@youku.com,Male,1994-04-14 06:31:32
310,Odelinda,Keightley,okeightley8l@wix.com,Female,1991-12-31 07:22:00
311,Anett,Urry,aurry8m@jigsy.com,Female,1992-12-21 19:41:22
312,Elsbeth,Orgen,eorgen8n@myspace.com,Female,1984-12-10 17:46:28
313,Herbert,McCluskey,hmccluskey8o@dailymail.co.uk,Male,1995-02-05 21:07:35
314,Vin,Stimson,vstimson8p@vistaprint.com,Male,1990-01-28 08:14:38
315,Emalee,Roarty,eroarty8q@google.co.jp,Female,1982-08-22 22:19:11
316,Elton,Stute,estute8r@fda.gov,Male,1980-04-19 03:08:57
317,Elisa,De Robertis,ederobertis8s@reference.com,Female,1982-11-27 17:49:42
318,Nat,Cahani,ncahani8t@cocolog-nifty.com,Male,1987-06-24 20:47:34
319,Levin,Sygroves,lsygroves8u@bluehost.com,Male,1998-09-02 17:12:32
320,Idell,Dubbin,idubbin8v@creativecommons.org,Female,1991-10-17 01:30:44
321,Guthrie,Lemar,glemar8w@nba.com,Male,1976-12-27 09:02:12
322,Tammi,Dearnaly,tdearnaly8x@imageshack.us,Female,1975-06-18 04:52:00
323,Major,Houldey,mhouldey8y@dagondesign.com,Male,1977-08-12 18:03:39
324,Olva,Bockin,obockin8z@chron.com,Female,1981-04-13 18:47:53
325,Dyane,Crutchfield,dcrutchfield90@themeforest.net,Female,1996-04-28 09:04:29
326,Aldwin,Abazi,aabazi91@canalblog.com,Male,1983-04-26 01:26:09
327,Bertie,Topaz,btopaz92@i2i.jp,Male,1976-08-09 02:29:33
328,Vidovik,Alenov,valenov93@cloudflare.com,Male,1975-04-27 14:43:40
329,Jody,Rosewarne,jrosewarne94@economist.com,Female,1997-08-20 07:19:06
330,Micky,Raigatt,mraigatt95@stanford.edu,Male,1999-10-10 12:05:29
331,Dianna,Keates,dkeates96@newsvine.com,Female,1982-04-18 07:38:45
332,Alicia,Bedborough,abedborough97@intel.com,Female,1999-05-22 21:54:44
333,Fredelia,Bamforth,fbamforth98@cnbc.com,Female,1999-11-02 05:44:19
334,Billye,Sanz,bsanz99@rakuten.co.jp,Female,1991-10-01 14:38:33
335,Farris,Loxley,floxley9a@istockphoto.com,Male,1977-09-01 15:47:38
336,Juli,Rawdales,jrawdales9b@php.net,Female,1997-03-10 09:25:26
337,Jacquenetta,Parfrey,jparfrey9c@usnews.com,Female,1989-12-02 06:44:04
338,Clementius,Penvarne,cpenvarne9d@people.com.cn,Male,1997-09-25 20:40:18
339,Izabel,Ellcock,iellcock9e@phoca.cz,Female,1979-01-28 15:58:51
340,Jeremy,Caldroni,jcaldroni9f@time.com,Male,1992-04-08 03:51:41
341,Leland,Brown,lbrown9g@hc360.com,Male,1994-07-03 13:48:40
342,Stephana,D'Adda,sdadda9h@msn.com,Female,1977-06-18 05:59:46
343,Florenza,Hamley,fhamley9i@bluehost.com,Female,1985-01-13 17:34:29
344,Adamo,Dunabie,adunabie9j@usnews.com,Male,1995-06-30 03:31:47
345,Chariot,Geldert,cgeldert9k@bbb.org,Male,1997-06-15 02:35:42
346,Roselle,Gunning,rgunning9l@360.cn,Female,1982-04-12 23:22:46
347,Robenia,Genery,rgenery9m@soundcloud.com,Female,1979-12-18 09:14:18
348,Crissy,Lauxmann,clauxmann9n@time.com,Female,1990-03-15 18:47:18
349,Meade,Gillham,mgillham9o@cocolog-nifty.com,Female,1997-09-03 09:07:50
350,Aubrette,Cufflin,acufflin9p@reverbnation.com,Female,1995-04-15 12:30:18
351,Yuri,Wateridge,ywateridge9q@about.me,Male,1984-08-14 01:21:44
352,Merilee,Marchiso,mmarchiso9r@bluehost.com,Female,1983-12-05 01:35:05
353,Gaven,Bayman,gbayman9s@ustream.tv,Male,1999-04-15 18:37:43
354,Shamus,Theuff,stheuff9t@hubpages.com,Male,1980-02-04 15:32:13
355,Brook,Wistance,bwistance9u@archive.org,Female,1985-06-27 00:30:28
356,Peter,Salvador,psalvador9v@usgs.gov,Male,1983-05-26 23:25:31
357,Friedrick,Dann,fdann9w@aboutads.info,Male,1983-12-27 19:21:16
358,Eleonora,Ells,eells9x@cloudflare.com,Female,1990-06-21 19:56:07
359,Nahum,MacLeese,nmacleese9y@facebook.com,Male,1977-03-21 11:16:26
360,Adella,Chatband,achatband9z@tripod.com,Female,1977-06-15 16:31:01
361,Anissa,Zink,azinka0@berkeley.edu,Female,1980-12-30 06:07:55
362,Archy,Houndson,ahoundsona1@ocn.ne.jp,Male,1985-02-06 05:26:14
363,Kelly,Howitt,khowitta2@amazon.co.jp,Male,1991-03-07 02:36:45
364,Nicolas,Provest,nprovesta3@google.fr,Male,1996-09-25 00:05:02
365,Marlie,Wint,mwinta4@princeton.edu,Female,1976-08-09 12:24:22
366,Marlie,Skentelbery,mskentelberya5@omniture.com,Female,2000-02-05 20:22:16
367,Florella,Antognozzii,fantognozziia6@washington.edu,Female,1998-06-23 21:04:09
368,Hillel,Stivens,hstivensa7@domainmarket.com,Male,1984-01-27 02:12:58
369,Eric,Ditts,edittsa8@prnewswire.com,Male,1978-09-11 01:44:44
370,Saul,Thorneley,sthorneleya9@springer.com,Male,1993-07-11 18:50:45
371,Carmine,Lopez,clopezaa@ehow.com,Male,1978-07-22 15:01:22
372,Dominic,Jannequin,djannequinab@hhs.gov,Male,1986-07-02 20:30:38
373,Gael,Gibbie,ggibbieac@artisteer.com,Male,1991-08-25 00:39:48
374,Adrienne,Grieves,agrievesad@e-recht24.de,Female,1983-07-28 17:11:03
375,Klement,McAw,kmcawae@slate.com,Male,1977-01-06 12:04:50
376,Chryste,McNeillie,cmcneillieaf@japanpost.jp,Female,1989-05-16 10:58:48
377,Suzie,Bottlestone,sbottlestoneag@php.net,Female,1977-08-03 17:08:52
378,Holden,Ely,helyah@tuttocitta.it,Male,1976-05-28 13:30:47
379,Gabie,Broad,gbroadai@arizona.edu,Male,1990-10-04 14:58:58
380,Liuka,Gyurko,lgyurkoaj@printfriendly.com,Female,1994-01-30 18:55:02
381,Glenn,Mallon,gmallonak@wix.com,Female,1986-04-21 08:18:59
382,Brianne,Potter,bpotteral@multiply.com,Female,1979-12-03 18:17:53
383,Merilyn,Fiddyment,mfiddymentam@github.io,Female,1999-11-14 06:42:35
384,Eugen,Niese,eniesean@ucoz.ru,Male,1988-05-27 08:27:42
385,Becca,Metheringham,bmetheringhamao@wired.com,Female,1997-05-19 07:51:05
386,Ariana,Le Conte,aleconteap@jiathis.com,Female,1987-10-07 19:29:45
387,Cornelius,Berndtssen,cberndtssenaq@fotki.com,Male,1993-03-08 13:25:32
388,Man,Eagger,meaggerar@meetup.com,Male,1975-12-25 11:07:36
389,Ilka,McCrea,imccreaas@apache.org,Female,1986-09-06 12:12:57
390,Corey,Kingsnod,ckingsnodat@flavors.me,Male,1989-08-21 02:27:08
391,Ahmed,Mardoll,amardollau@weibo.com,Male,1989-08-04 16:19:43
392,Rosco,Rickasse,rrickasseav@google.com.br,Male,1993-04-08 00:10:22
393,Nikola,Breede,nbreedeaw@liveinternet.ru,Male,1992-06-24 11:05:22
394,Babs,Marousek,bmarousekax@virginia.edu,Female,1979-04-19 15:41:11
395,Eadie,Coxwell,ecoxwellay@google.co.uk,Female,1984-03-06 04:15:38
396,Paulo,Suddards,psuddardsaz@yolasite.com,Male,1981-10-31 19:40:40
397,Renate,Scotchmor,rscotchmorb0@soup.io,Female,1976-07-10 05:26:15
398,Shelby,Sickling,ssicklingb1@over-blog.com,Male,1987-10-03 16:57:23
399,Salim,Crowley,scrowleyb2@ed.gov,Male,1987-04-17 06:21:09
400,Shari,Grindley,sgrindleyb3@imgur.com,Female,1999-06-28 10:45:17
401,Conway,Klezmski,cklezmskib4@google.com,Male,1989-10-04 09:27:45
402,Timothy,Penhale,tpenhaleb5@infoseek.co.jp,Male,1988-01-24 11:17:15
403,Stacee,Paddle,spaddleb6@twitpic.com,Male,1986-04-02 15:24:40
404,Betteann,O' Flaherty,boflahertyb7@fotki.com,Female,1986-11-28 13:24:58
405,Dario,Hasselby,dhasselbyb8@jalbum.net,Male,1981-03-13 02:08:37
406,Isadora,Ryhorovich,iryhorovichb9@aol.com,Female,1991-10-26 09:09:20
407,Mimi,Savell,msavellba@uiuc.edu,Female,1983-10-10 03:58:56
408,Horton,Sheard,hsheardbb@bravesites.com,Male,1980-08-25 12:36:28
409,Douglass,Campo,dcampobc@tinyurl.com,Male,1999-06-04 06:31:32
410,Tabatha,Farlham,tfarlhambd@tamu.edu,Female,1994-01-12 13:32:13
411,Marvin,Setch,msetchbe@netlog.com,Male,1986-02-09 15:59:19
412,Woody,Airth,wairthbf@irs.gov,Male,1997-07-24 09:13:50
413,Astrid,Allcock,aallcockbg@elpais.com,Female,1991-09-27 09:48:28
414,Rheta,Streat,rstreatbh@wsj.com,Female,1999-01-21 16:46:49
415,Ailina,Falcus,afalcusbi@japanpost.jp,Female,1983-11-05 12:25:04
416,Frederica,Dienes,fdienesbj@dmoz.org,Female,1979-11-02 09:43:13
417,Darcey,Larenson,dlarensonbk@com.com,Female,1999-02-14 17:31:08
418,Byron,Paunton,bpauntonbl@clickbank.net,Male,1975-05-16 08:04:50
419,Marty,Dagg,mdaggbm@list-manage.com,Female,1988-06-22 23:02:11
420,Dannye,Haysman,dhaysmanbn@wiley.com,Female,1998-01-03 06:51:46
421,Pietra,Wille,pwillebo@tripadvisor.com,Female,1979-09-09 23:42:03
422,Jerrilee,Raubenheimers,jraubenheimersbp@japanpost.jp,Female,1993-09-01 09:18:37
423,Charmion,Casebourne,ccasebournebq@cmu.edu,Female,1976-10-30 03:47:44
424,Ignacio,Ventris,iventrisbr@mac.com,Male,1980-06-06 13:25:38
425,Cecile,McClenan,cmcclenanbs@theatlantic.com,Female,1976-06-18 15:39:56
426,Ginnifer,Sleite,gsleitebt@whitehouse.gov,Female,1988-04-26 18:10:55
427,Scarface,Muncaster,smuncasterbu@redcross.org,Male,1985-01-01 04:30:17
428,Moises,Shillinglaw,mshillinglawbv@springer.com,Male,1978-01-10 02:24:14
429,Vince,Darrington,vdarringtonbw@disqus.com,Male,1998-05-22 22:33:05
430,Dell,Tonkes,dtonkesbx@msn.com,Female,1993-12-30 02:12:55
431,Eugen,Gaize,egaizeby@nba.com,Male,1990-05-22 16:20:26
432,Trumann,Miguel,tmiguelbz@twitter.com,Male,1982-12-05 06:24:21
433,Teressa,Mordue,tmorduec0@histats.com,Female,1980-10-27 01:13:02
434,Hinda,Bezants,hbezantsc1@elegantthemes.com,Female,1981-10-12 06:02:33
435,Berton,Mc Pake,bmcpakec2@census.gov,Male,1985-06-20 23:29:18
436,Arturo,Rennie,arenniec3@gizmodo.com,Male,1996-10-17 09:57:19
437,Jo-anne,Gleadhell,jgleadhellc4@reference.com,Female,1992-08-05 12:12:36
438,Stephi,Neve,snevec5@mtv.com,Female,1981-06-17 14:29:05
439,Austin,Reinhardt,areinhardtc6@dyndns.org,Male,1990-09-22 11:36:41
440,Carmelina,Bricksey,cbrickseyc7@list-manage.com,Female,1996-03-18 21:12:57
441,Pancho,Raybould,praybouldc8@pagesperso-orange.fr,Male,1981-03-13 10:45:13
442,Gery,Hendren,ghendrenc9@com.com,Male,1999-09-03 10:08:34
443,Byron,Foulcher,bfoulcherca@oakley.com,Male,1990-12-28 15:00:02
444,Berti,Carus,bcaruscb@archive.org,Male,1997-02-17 01:36:55
445,Hew,Connew,hconnewcc@harvard.edu,Male,1981-05-28 18:57:12
446,Jeanna,Sloam,jsloamcd@geocities.jp,Female,1978-06-02 09:39:21
447,Ethe,Kirgan,ekirgance@mozilla.org,Male,1976-01-15 07:25:12
448,Marietta,Allom,mallomcf@shareasale.com,Female,1975-08-06 10:55:29
449,Grover,Gyngell,ggyngellcg@state.gov,Male,1990-07-17 17:46:06
450,Sheila,Raffels,sraffelsch@barnesandnoble.com,Female,1990-10-27 13:22:04
451,Aarika,McConnulty,amcconnultyci@businessweek.com,Female,1975-09-24 16:21:52
452,Lindsay,Spellicy,lspellicycj@cdc.gov,Female,1980-01-06 01:30:32
453,Brooks,Crim,bcrimck@bloglines.com,Male,1980-09-15 09:36:46
454,Francine,Penhallurick,fpenhallurickcl@blogger.com,Female,1991-04-01 07:40:34
455,Myrna,Wheldon,mwheldoncm@google.fr,Female,1981-01-21 12:29:11
456,Jermaine,Kermon,jkermoncn@bluehost.com,Female,1999-07-29 18:53:26
457,Shelagh,Geratasch,sgerataschco@ed.gov,Female,1980-02-05 18:28:39
458,Sharleen,Cloney,scloneycp@mashable.com,Female,1998-08-18 15:04:23
459,Rourke,O'Fihily,rofihilycq@dagondesign.com,Male,1975-09-13 04:43:32
460,Jason,Emerine,jemerinecr@oaic.gov.au,Male,1984-04-12 12:12:12
461,Nathaniel,Fidell,nfidellcs@fc2.com,Male,1991-07-19 12:29:23
462,Raynor,Banks,rbanksct@eventbrite.com,Male,1995-09-05 08:07:55
463,Georgine,Shilston,gshilstoncu@omniture.com,Female,1998-07-02 18:36:27
464,Gradey,Daviddi,gdaviddicv@lulu.com,Male,1984-07-09 19:08:57
465,Jacquenette,Veryan,jveryancw@weebly.com,Female,1999-01-18 17:13:26
466,Theodora,Dodle,tdodlecx@icio.us,Female,2000-03-07 13:14:04
467,Gilbertine,Whear,gwhearcy@tripod.com,Female,1978-07-03 06:53:17
468,Katharyn,Cisec,kciseccz@google.cn,Female,1984-11-26 23:05:05
469,Jareb,Trenear,jtreneard0@foxnews.com,Male,1982-08-30 23:17:28
470,Maurits,Ebben,mebbend1@cnet.com,Male,1996-04-26 11:49:43
471,Jaclin,Curteis,jcurteisd2@spotify.com,Female,1997-01-13 08:00:48
472,Rosamund,Payne,rpayned3@bloglovin.com,Female,1989-08-02 14:06:37
473,Erny,Durno,edurnod4@nature.com,Male,1998-06-11 05:23:28
474,Allie,Boniface,abonifaced5@apache.org,Female,1996-05-10 00:08:58
475,Elita,Priestman,epriestmand6@businesswire.com,Female,1988-07-01 02:30:10
476,Sophi,Boame,sboamed7@theatlantic.com,Female,1983-08-25 13:23:31
477,Nickolas,Rapa,nrapad8@jimdo.com,Male,1983-03-26 12:10:36
478,Ward,Boulden,wbouldend9@wufoo.com,Male,1977-02-18 04:37:55
479,Dody,Leghorn,dleghornda@usa.gov,Female,1977-06-25 01:58:54
480,Herman,Chessell,hchesselldb@youku.com,Male,1978-05-09 22:10:54
481,Mattias,Shower,mshowerdc@kickstarter.com,Male,1986-09-04 14:11:11
482,Chrissy,Overstreet,coverstreetdd@altervista.org,Female,1998-04-27 05:35:54
483,Darya,Coupland,dcouplandde@odnoklassniki.ru,Female,1981-04-25 17:49:46
484,Devinne,Madgewick,dmadgewickdf@joomla.org,Female,1988-03-12 08:00:20
485,Mohandis,Esbrook,mesbrookdg@eepurl.com,Male,1980-08-29 07:35:53
486,Horton,Treswell,htreswelldh@hhs.gov,Male,1982-10-06 00:18:21
487,Colly,Krinks,ckrinksdi@theatlantic.com,Female,1983-11-15 23:12:54
488,Wilbur,Crufts,wcruftsdj@illinois.edu,Male,1976-04-21 04:56:30
489,Alfreda,Nanni,anannidk@who.int,Female,1992-09-27 20:10:13
490,Cordula,MacSherry,cmacsherrydl@icio.us,Female,1978-09-04 21:32:18
491,Benoit,Gobel,bgobeldm@zimbio.com,Male,1977-01-10 04:34:44
492,Pierrette,Esby,pesbydn@barnesandnoble.com,Female,1975-05-29 01:25:37
493,Rheba,Brandoni,rbrandonido@goo.ne.jp,Female,1998-07-12 16:59:53
494,Rhea,Clemes,rclemesdp@livejournal.com,Female,1993-10-12 06:22:55
495,Farra,Horsted,fhorsteddq@friendfeed.com,Female,1977-01-10 05:16:59
496,Peadar,Sawter,psawterdr@hibu.com,Male,1981-06-27 13:39:20
497,Virgie,Reddin,vreddinds@cnbc.com,Female,1995-05-15 16:35:47
498,Roger,Basillon,rbasillondt@4shared.com,Male,1997-03-28 10:42:29
499,Damara,Terrey,dterreydu@boston.com,Female,1980-06-06 07:52:35
500,Genia,Berre,gberredv@surveymonkey.com,Female,1986-03-14 17:50:56
501,Dasha,Guys,dguysdw@irs.gov,Female,1980-12-16 21:02:27
502,Ryley,Yerbury,ryerburydx@123-reg.co.uk,Male,1997-11-01 03:24:42
503,Meryl,MacClay,mmacclaydy@bloomberg.com,Male,1998-10-03 16:29:58
504,Obed,Gatheral,ogatheraldz@symantec.com,Male,1989-10-19 01:57:00
505,Ash,Lehemann,alehemanne0@linkedin.com,Male,1992-11-05 11:24:59
506,Raynor,Stracey,rstraceye1@wordpress.org,Male,1996-04-25 13:20:15
507,Kip,Domek,kdomeke2@google.pl,Male,1979-12-11 15:07:45
508,Loise,Gatman,lgatmane3@webs.com,Female,1996-10-22 02:48:56
509,Roxy,Incogna,rincognae4@jugem.jp,Female,1975-07-23 08:10:00
510,Pincus,Binestead,pbinesteade5@freewebs.com,Male,1982-02-14 19:15:03
511,Morgen,Trattles,mtrattlese6@tmall.com,Male,1992-03-25 19:03:19
512,Nicola,O'Lagene,nolagenee7@prlog.org,Female,1979-07-02 13:29:17
513,Haley,Seccombe,hseccombee8@yahoo.com,Female,1993-05-04 20:37:28
514,Brittani,Bedbrough,bbedbroughe9@youtube.com,Female,1988-06-06 05:15:09
515,Nancy,Matityahu,nmatityahuea@mapy.cz,Female,1987-10-19 15:21:40
516,Mariana,Winchester,mwinchestereb@narod.ru,Female,1975-11-10 05:37:58
517,Romy,Hulbert,rhulbertec@imgur.com,Female,1987-01-15 14:18:23
518,Jada,Cadge,jcadgeed@apple.com,Female,1981-04-04 10:50:32
519,Reinold,Graysmark,rgraysmarkee@stumbleupon.com,Male,1994-06-07 20:04:37
520,Wilburt,Croney,wcroneyef@blog.com,Male,1987-08-02 05:07:25
521,Fonz,Shimwell,fshimwelleg@com.com,Male,1996-03-31 17:45:43
522,Reece,Di Francesco,rdifrancescoeh@msu.edu,Male,1993-01-02 05:22:23
523,Briggs,Scolts,bscoltsei@webmd.com,Male,1989-08-23 21:20:58
524,Ingmar,Eglinton,ieglintonej@qq.com,Male,1983-07-01 15:12:31
525,Conrado,Hoggetts,choggettsek@amazon.co.uk,Male,1990-01-29 20:32:27
526,Thatch,McNeillie,tmcneillieel@google.it,Male,1993-03-23 12:42:25
527,Chaddie,McGeachey,cmcgeacheyem@uol.com.br,Male,1987-07-28 13:56:54
528,Crista,Pidon,cpidonen@ed.gov,Female,1981-01-08 18:57:42
529,Adriena,Goodrick,agoodrickeo@jiathis.com,Female,1990-10-11 19:06:21
530,Rina,McSporon,rmcsporonep@netlog.com,Female,1992-10-15 11:25:17
531,Parry,Litster,plitstereq@gizmodo.com,Male,1994-06-03 15:30:39
532,Norbert,Liver,nliverer@photobucket.com,Male,1986-01-19 04:14:36
533,Kalli,Roll,krolles@stumbleupon.com,Female,1993-07-01 06:38:36
534,Zebulon,Lindstedt,zlindstedtet@upenn.edu,Male,2000-02-27 01:18:26
535,Barbra,Gaythwaite,bgaythwaiteeu@sogou.com,Female,1993-01-10 09:32:42
536,Sarajane,Klehn,sklehnev@businessweek.com,Female,1985-10-06 21:34:47
537,Chaim,Levane,clevaneew@chron.com,Male,1985-01-23 14:36:58
538,Franciskus,Entwhistle,fentwhistleex@constantcontact.com,Male,1989-11-28 18:45:23
539,Sim,Francombe,sfrancombeey@chron.com,Male,2000-02-09 05:45:04
540,Delilah,Robertz,drobertzez@lycos.com,Female,1988-02-08 18:49:50
541,Galina,Grogono,ggrogonof0@cafepress.com,Female,1982-02-18 01:36:06
542,Bobbie,Ilyunin,bilyuninf1@uol.com.br,Male,1993-03-16 15:31:09
543,Merl,Cescotti,mcescottif2@trellian.com,Female,1986-09-06 07:46:05
544,Cale,Woodland,cwoodlandf3@howstuffworks.com,Male,1984-08-09 09:51:48
545,Alli,Windross,awindrossf4@plala.or.jp,Female,1982-08-09 12:29:25
546,Jocko,Linck,jlinckf5@smh.com.au,Male,1976-11-13 18:48:18
547,Dorothy,Spavon,dspavonf6@networkadvertising.org,Female,1977-06-27 11:31:55
548,Charlotte,Kehoe,ckehoef7@geocities.jp,Female,1977-03-31 04:06:53
549,Gianna,Plowell,gplowellf8@qq.com,Female,1990-01-13 15:58:32
550,Rhodia,Giannasi,rgiannasif9@icq.com,Female,1977-10-18 10:04:46
551,Babbie,Wringe,bwringefa@ox.ac.uk,Female,1992-07-19 05:24:49
552,Alyse,Peniman,apenimanfb@accuweather.com,Female,1982-02-02 04:47:37
553,Ravi,Clewett,rclewettfc@businessinsider.com,Male,1982-05-28 04:31:47
554,Chrisy,Porch,cporchfd@alibaba.com,Male,1985-08-22 22:41:42
555,Joey,Hatherley,jhatherleyfe@jalbum.net,Female,1992-01-14 16:12:48
556,Ancell,Widdicombe,awiddicombeff@businessweek.com,Male,1997-10-11 19:31:03
557,Aldrich,Vanelli,avanellifg@archive.org,Male,1983-10-25 21:03:19
558,Sherye,Olorenshaw,solorenshawfh@npr.org,Female,1976-08-21 19:00:26
559,Amitie,Curneen,acurneenfi@exblog.jp,Female,1992-06-23 01:41:38
560,Farlay,Fedder,ffedderfj@nba.com,Male,1991-05-19 15:04:11
561,Vernor,Iglesias,viglesiasfk@yahoo.com,Male,1993-08-24 06:56:00
562,Dominica,Verlinden,dverlindenfl@istockphoto.com,Female,1998-12-14 18:10:38
563,Jinny,Buckley,jbuckleyfm@cnn.com,Female,1991-09-24 04:00:29
564,Bronny,Sawday,bsawdayfn@businesswire.com,Male,1982-01-11 08:38:42
565,Bart,Stammers,bstammersfo@ehow.com,Male,1997-05-01 08:36:07
566,Theresita,Dorrity,tdorrityfp@shutterfly.com,Female,1981-02-15 11:14:09
567,Guilbert,Josefer,gjoseferfq@amazon.de,Male,1992-07-28 07:45:45
568,Maryjane,Kelway,mkelwayfr@simplemachines.org,Female,1979-01-05 07:55:22
569,Ondrea,MacKeller,omackellerfs@usatoday.com,Female,1986-07-05 04:14:23
570,Trista,Surr,tsurrft@ucoz.com,Female,1984-12-24 17:08:20
571,Essie,Dudeney,edudeneyfu@berkeley.edu,Female,1990-04-20 23:13:46
572,Solly,MacDwyer,smacdwyerfv@geocities.com,Male,1977-07-02 22:04:46
573,Elwyn,Kinleyside,ekinleysidefw@amazonaws.com,Male,1994-08-28 04:34:40
574,Tyrus,Taffurelli,ttaffurellifx@cloudflare.com,Male,1984-04-06 19:13:13
575,Pavlov,Kubek,pkubekfy@blogger.com,Male,1990-09-02 11:42:34
576,Estrella,Doblin,edoblinfz@oracle.com,Female,1979-11-02 12:34:04
577,Gussy,Broggini,gbrogginig0@boston.com,Female,1996-06-23 14:36:37
578,Candra,Geely,cgeelyg1@mayoclinic.com,Female,1976-09-22 08:43:40
579,Reine,Maykin,rmayking2@twitpic.com,Female,1993-10-17 08:05:04
580,Lev,Baly,lbalyg3@imdb.com,Male,1976-11-10 19:21:27
581,Siana,Gorusso,sgorussog4@ebay.com,Female,1998-06-12 07:23:58
582,Silas,Broyd,sbroydg5@admin.ch,Male,1987-02-07 23:39:51
583,Frank,Damant,fdamantg6@sphinn.com,Male,1999-07-06 11:36:33
584,Meryl,Inde,mindeg7@stumbleupon.com,Female,1991-11-04 15:00:55
585,Issi,Caulfield,icaulfieldg8@shareasale.com,Female,1994-08-02 04:21:04
586,Bar,Liebmann,bliebmanng9@businessweek.com,Male,1979-11-28 11:07:00
587,Renaud,Shiels,rshielsga@w3.org,Male,1980-01-20 07:20:18
588,Maudie,Jirusek,mjirusekgb@printfriendly.com,Female,1977-07-14 23:33:28
589,Monique,Baudin,mbaudingc@blogger.com,Female,1994-07-14 10:26:39
590,Ralina,Cheasman,rcheasmangd@nps.gov,Female,1997-03-22 19:24:19
591,Rube,Ginley,rginleyge@ed.gov,Male,1975-10-16 22:38:27
592,Eyde,Linden,elindengf@abc.net.au,Female,1979-01-16 13:03:29
593,Melinde,Caddie,mcaddiegg@spotify.com,Female,1993-02-01 20:06:57
594,Pat,Van der Brug,pvanderbruggh@live.com,Female,1981-07-03 07:16:49
595,Denver,Tregunna,dtregunnagi@posterous.com,Male,1992-07-16 20:35:48
596,Owen,Coghlan,ocoghlangj@wufoo.com,Male,1984-10-25 21:30:07
597,Claude,Kemmis,ckemmisgk@gizmodo.com,Female,1991-05-26 11:52:12
598,Coretta,Nelissen,cnelissengl@qq.com,Female,1977-06-04 01:11:55
599,Michaela,Milbank,mmilbankgm@bloglovin.com,Female,1983-01-30 21:24:31
600,Mathe,Membry,mmembrygn@tinypic.com,Male,1979-03-05 17:59:57
601,Nancie,Echelle,nechellego@wordpress.org,Female,1983-03-11 21:47:15
602,Skipton,Gheraldi,sgheraldigp@google.pl,Male,1998-05-22 14:27:51
603,Udale,Coate,ucoategq@hibu.com,Male,1989-09-21 05:53:41
604,Erminia,Brandassi,ebrandassigr@gnu.org,Female,1986-10-18 09:03:19
605,Maggi,Rosenhaus,mrosenhausgs@cornell.edu,Female,1977-07-01 10:56:03
606,Brook,Adolthine,badolthinegt@si.edu,Female,1985-07-09 13:52:44
607,Say,Albone,salbonegu@google.ru,Male,1999-09-01 10:08:46
608,Milton,Blaby,mblabygv@google.it,Male,1999-11-28 00:05:23
609,Aliza,Shimwell,ashimwellgw@ihg.com,Female,1993-08-20 21:57:19
610,Ashil,Kesper,akespergx@diigo.com,Female,1987-01-21 07:30:41
611,Donall,Sultana,dsultanagy@google.pl,Male,1987-09-09 07:28:06
612,Bryana,Antoniewicz,bantoniewiczgz@huffingtonpost.com,Female,1991-06-05 17:29:42
613,Uri,McLugish,umclugishh0@shinystat.com,Male,1988-03-04 05:33:35
614,Valentin,Tatham,vtathamh1@mediafire.com,Male,1989-02-17 21:24:47
615,Calv,Iacabucci,ciacabuccih2@bloomberg.com,Male,1994-08-08 08:38:08
616,Brant,Jeskins,bjeskinsh3@ning.com,Male,1984-03-02 08:53:17
617,Tarrah,Tipling,ttiplingh4@mozilla.org,Female,1984-11-26 23:36:34
618,Sancho,Valerius,svaleriush5@princeton.edu,Male,1989-09-07 13:38:24
619,Bo,Hurdiss,bhurdissh6@dmoz.org,Male,1985-03-02 20:48:52
620,Keelby,Woodier,kwoodierh7@ted.com,Male,1994-12-24 09:57:50
621,Kelwin,Beven,kbevenh8@reddit.com,Male,1985-04-05 10:00:22
622,Fredrick,Sired,fsiredh9@youku.com,Male,1986-04-24 12:56:03
623,Marion,Tomalin,mtomalinha@mit.edu,Female,1997-05-07 19:12:58
624,Kendal,Bellon,kbellonhb@marketwatch.com,Male,1992-10-28 03:12:40
625,Waneta,Loosely,wlooselyhc@lycos.com,Female,1980-06-22 06:34:14
626,Babara,Bremen,bbremenhd@yelp.com,Female,1979-05-27 06:20:13
627,Arabel,Hulmes,ahulmeshe@weather.com,Female,1978-12-28 03:04:33
628,Duff,MattiCCI,dmatticcihf@upenn.edu,Male,1995-11-15 06:17:02
629,Archibaldo,Tarquinio,atarquiniohg@imgur.com,Male,1993-07-19 22:22:09
630,Aharon,Geggus,ageggushh@forbes.com,Male,1991-09-11 08:15:50
631,Codi,Wayland,cwaylandhi@behance.net,Male,1990-10-10 19:31:58
632,Tamarah,Addekin,taddekinhj@ask.com,Female,1984-06-27 21:39:31
633,Alistair,Furley,afurleyhk@tiny.cc,Male,1981-06-30 13:18:59
634,Kelsy,Sewell,ksewellhl@guardian.co.uk,Female,1990-03-25 05:56:25
635,Tilda,Autin,tautinhm@dot.gov,Female,1996-03-14 08:37:59
636,Carleton,Lokier,clokierhn@livejournal.com,Male,1998-06-01 01:00:13
637,Gloriane,Agass,gagassho@privacy.gov.au,Female,1979-08-01 23:45:01
638,Georgy,Pecha,gpechahp@tinyurl.com,Male,1990-11-04 03:28:43
639,Rozella,Copnell,rcopnellhq@de.vu,Female,1976-11-28 01:40:49
640,Lizzie,Plinck,lplinckhr@whitehouse.gov,Female,1980-10-31 18:16:22
641,Cedric,Pelling,cpellinghs@thetimes.co.uk,Male,1990-06-23 09:42:45
642,Berkly,Gary,bgaryht@geocities.jp,Male,1993-07-24 15:02:04
643,Lissy,Bustard,lbustardhu@nationalgeographic.com,Female,1989-11-11 03:54:54
644,Michaella,Thorouggood,mthorouggoodhv@cisco.com,Female,1988-07-24 15:38:54
645,Farrell,Philippet,fphilippethw@clickbank.net,Male,1996-10-04 08:22:26
646,Wilek,Sliman,wslimanhx@wikispaces.com,Male,1976-08-12 07:38:28
647,Hughie,Antrag,hantraghy@bloglines.com,Male,1983-02-09 14:01:26
648,Kiah,Edgcombe,kedgcombehz@skyrock.com,Female,1977-08-01 22:07:02
649,Lamond,Grinnell,lgrinnelli0@blog.com,Male,1977-10-10 19:59:36
650,Worthington,Adicot,wadicoti1@123-reg.co.uk,Male,1975-07-12 00:26:55
651,Drusy,MacCroary,dmaccroaryi2@chronoengine.com,Female,1989-04-20 09:30:04
652,Guy,Blankman,gblankmani3@phpbb.com,Male,1995-03-06 22:28:01
653,Fianna,Dowzell,fdowzelli4@ask.com,Female,1988-07-29 19:03:45
654,Honor,Anfossi,hanfossii5@acquirethisname.com,Female,1982-03-07 04:23:26
655,Hyatt,Gaish,hgaishi6@who.int,Male,2000-01-22 07:12:55
656,Ad,Dowles,adowlesi7@w3.org,Male,1994-07-18 14:51:22
657,Alia,Mountfort,amountforti8@miitbeian.gov.cn,Female,1978-02-08 16:41:01
658,Aylmer,Chaney,achaneyi9@globo.com,Male,1991-06-28 06:19:27
659,Archibald,Auld,aauldia@feedburner.com,Male,1991-05-30 00:07:51
660,Bealle,Quartermain,bquartermainib@plala.or.jp,Male,1996-09-02 16:21:37
661,Niven,Glanton,nglantonic@webs.com,Male,1989-09-25 04:14:58
662,Tucker,Whittek,twhittekid@histats.com,Male,1984-01-05 13:47:39
663,Amelia,Curthoys,acurthoysie@nhs.uk,Female,1989-07-11 13:28:38
664,Nicolas,Roseveare,nroseveareif@thetimes.co.uk,Male,1982-05-03 13:10:09
665,Bailie,Androli,bandroliig@usnews.com,Male,1985-04-20 22:00:53
666,Viva,Pitway,vpitwayih@blogger.com,Female,1992-05-20 12:17:35
667,Lyda,Groome,lgroomeii@indiatimes.com,Female,1980-03-03 00:18:39
668,Julianne,Tiron,jtironij@discuz.net,Female,1998-04-11 07:13:34
669,Oliviero,Mungan,omunganik@state.tx.us,Male,1986-07-28 10:48:06
670,Dorthea,Cunnell,dcunnellil@cdbaby.com,Female,1992-11-22 20:00:34
671,Maxine,Klinck,mklinckim@networksolutions.com,Female,1999-11-08 03:30:35
672,Shena,Souness,ssounessin@dell.com,Female,1992-05-09 10:00:32
673,Teodor,Pimer,tpimerio@google.de,Male,1986-01-09 05:07:11
674,Gabbie,Peggram,gpeggramip@gravatar.com,Female,1993-07-25 15:28:24
675,Inger,Bishell,ibishelliq@pinterest.com,Female,1986-03-04 03:43:28
676,Ernst,Bartels-Ellis,ebartelsellisir@techcrunch.com,Male,1999-04-16 23:31:50
677,Quinton,Bullingham,qbullinghamis@who.int,Male,1975-12-12 23:54:09
678,Theodore,Luter,tluterit@goo.ne.jp,Male,1975-11-19 11:08:39
679,Brant,Maly,bmalyiu@dell.com,Male,1987-08-01 23:56:33
680,Flor,Mackieson,fmackiesoniv@dell.com,Female,1995-01-05 23:08:01
681,Mallory,Bygrove,mbygroveiw@cnn.com,Female,1994-10-24 16:06:28
682,Herby,Rodmell,hrodmellix@who.int,Male,1983-06-29 09:33:24
683,Maryann,Somes,msomesiy@youku.com,Female,1977-08-05 13:44:46
684,Herve,Sutliff,hsutliffiz@state.gov,Male,1999-04-21 01:37:21
685,Nealon,Carus,ncarusj0@yolasite.com,Male,2000-04-05 04:36:17
686,Carolann,Reggiani,creggianij1@vk.com,Female,2000-03-29 06:26:02
687,Karlene,Briand,kbriandj2@linkedin.com,Female,1996-03-21 02:24:24
688,Trudie,Nellis,tnellisj3@t-online.de,Female,1988-02-11 21:28:01
689,Daniele,Rochford,drochfordj4@angelfire.com,Female,1991-01-05 09:07:19
690,Ralph,MacKegg,rmackeggj5@hostgator.com,Male,1993-08-01 08:16:10
691,Gayle,Ruecastle,gruecastlej6@mtv.com,Male,1976-11-15 07:26:37
692,Ruy,Shipperbottom,rshipperbottomj7@google.com.hk,Male,1978-03-20 06:51:49
693,Waiter,Werlock,wwerlockj8@google.it,Male,1992-10-29 08:51:00
694,Daryn,Baldetti,dbaldettij9@irs.gov,Female,1975-09-08 06:50:02
695,Felice,Kaasmann,fkaasmannja@time.com,Male,1994-06-07 13:41:35
696,Shaine,Prester,spresterjb@github.com,Female,1984-10-27 08:29:27
697,Camella,Gage,cgagejc@umn.edu,Female,1984-12-09 22:26:04
698,Kipp,Pudsey,kpudseyjd@google.com,Female,1983-12-31 14:46:05
699,Denney,MacWilliam,dmacwilliamje@telegraph.co.uk,Male,1976-07-04 22:00:22
700,Drusi,Roullier,droullierjf@gov.uk,Female,1988-11-22 14:48:04
701,Gasper,Furzey,gfurzeyjg@uol.com.br,Male,1977-02-26 10:00:04
702,May,Stephen,mstephenjh@virginia.edu,Female,1977-09-08 20:03:22
703,Adele,Skin,askinji@typepad.com,Female,1976-03-03 14:35:17
704,Yvonne,Bloore,ybloorejj@devhub.com,Female,1979-10-17 09:01:38
705,Celesta,Eake,ceakejk@bloglovin.com,Female,1979-11-12 17:02:25
706,Britta,Walstow,bwalstowjl@google.ca,Female,2000-01-08 15:38:54
707,Sumner,Trainer,strainerjm@homestead.com,Male,1979-10-05 00:28:38
708,Thornie,Coaster,tcoasterjn@printfriendly.com,Male,1984-04-14 22:19:49
709,Ilaire,Karadzas,ikaradzasjo@sogou.com,Male,1981-11-14 12:39:11
710,Joel,Piens,jpiensjp@ustream.tv,Male,1994-06-12 00:32:33
711,Kathlin,Reeks,kreeksjq@issuu.com,Female,1978-11-28 01:09:38
712,Nola,Tockell,ntockelljr@webnode.com,Female,1996-01-02 15:57:46
713,Sue,Harm,sharmjs@ehow.com,Female,1997-02-24 04:31:32
714,Lyman,Obern,lobernjt@furl.net,Male,1997-08-01 15:09:14
715,Elsie,Reddish,ereddishju@mlb.com,Female,1985-02-06 15:54:54
716,Onfre,Mullally,omullallyjv@examiner.com,Male,1999-12-10 11:21:19
717,Ogdon,Gofton,ogoftonjw@marketwatch.com,Male,1975-08-22 21:22:03
718,Paquito,Dyball,pdyballjx@webeden.co.uk,Male,1993-09-21 17:54:49
719,Palmer,Attoc,pattocjy@skyrock.com,Male,1980-07-08 04:33:28
720,Arlen,Roscow,aroscowjz@ftc.gov,Female,1992-10-19 04:54:12
721,Adriana,Bloor,abloork0@economist.com,Female,1976-10-30 21:01:16
722,Fairleigh,Narducci,fnarduccik1@facebook.com,Male,1999-02-03 17:27:47
723,Babara,Donson,bdonsonk2@usda.gov,Female,1980-07-31 17:52:06
724,Greggory,Girardin,ggirardink3@usda.gov,Male,1998-07-20 15:03:33
725,Ambur,Entreis,aentreisk4@godaddy.com,Female,1999-07-29 03:32:19
726,Kora,Woodhead,kwoodheadk5@sitemeter.com,Female,1990-01-10 14:03:18
727,Nolly,Ayer,nayerk6@apple.com,Male,1998-07-29 05:54:40
728,Saxon,Cathesyed,scathesyedk7@angelfire.com,Male,1985-01-23 10:48:49
729,Loella,Smorthwaite,lsmorthwaitek8@adobe.com,Female,1983-08-15 12:13:48
730,Nina,Leadbetter,nleadbetterk9@cdbaby.com,Female,1992-03-21 02:51:24
731,Innis,Hynd,ihyndka@virginia.edu,Male,1993-04-23 04:42:11
732,Gregorio,Lavelle,glavellekb@netscape.com,Male,1980-06-13 12:58:18
733,Carlene,Tilbrook,ctilbrookkc@cpanel.net,Female,1999-05-30 22:48:28
734,Nico,McLoney,nmcloneykd@cnn.com,Male,1997-03-07 16:59:50
735,Abe,Herion,aherionke@google.pl,Male,1979-09-12 21:07:16
736,Marijo,Gainsbury,mgainsburykf@hhs.gov,Female,1984-12-14 20:50:00
737,Valry,Zettoi,vzettoikg@sfgate.com,Female,1993-03-31 01:14:42
738,Ewan,Elsie,eelsiekh@nyu.edu,Male,1988-08-20 17:11:44
739,Berna,Chapelhow,bchapelhowki@oakley.com,Female,1983-03-13 08:03:14
740,Westbrook,Jakubiak,wjakubiakkj@ftc.gov,Male,1988-11-29 16:49:25
741,Tildi,Guillerman,tguillermankk@ca.gov,Female,1979-03-04 18:32:06
742,Walt,Axelby,waxelbykl@nps.gov,Male,1983-10-25 06:14:49
743,Lyle,Pendrich,lpendrichkm@webeden.co.uk,Male,1991-02-22 18:38:28
744,Georg,Gosswell,ggosswellkn@lulu.com,Male,1987-08-22 17:49:28
745,Leonore,Danet,ldanetko@woothemes.com,Female,1999-05-11 11:51:45
746,Thoma,Kiessel,tkiesselkp@ebay.co.uk,Male,1993-04-30 09:59:28
747,Georg,Colville,gcolvillekq@constantcontact.com,Male,1992-08-06 13:13:21
748,Bryce,McCreary,bmccrearykr@flavors.me,Male,1992-11-26 19:17:35
749,Keefer,MacGaffey,kmacgaffeyks@prweb.com,Male,1995-08-25 02:24:51
750,Mannie,Celez,mcelezkt@uol.com.br,Male,1999-05-23 01:55:39
751,Ronda,Webb,rwebbku@oaic.gov.au,Female,1991-11-09 06:45:26
752,Maddalena,Whiteside,mwhitesidekv@illinois.edu,Female,1999-03-12 14:51:13
753,Hartley,Spencley,hspencleykw@so-net.ne.jp,Male,1992-10-12 20:34:46
754,Padriac,Stanford,pstanfordkx@forbes.com,Male,1995-12-01 18:04:38
755,La verne,Skacel,lskacelky@ucoz.com,Female,1991-08-31 16:55:18
756,Traci,Fewkes,tfewkeskz@taobao.com,Female,1987-03-06 07:53:01
757,Lyn,Charsley,lcharsleyl0@google.it,Female,1985-01-24 09:49:14
758,Hanni,Asken,haskenl1@twitpic.com,Female,1984-05-03 00:57:05
759,Levey,Sculley,lsculleyl2@bluehost.com,Male,1998-07-11 08:37:27
760,Agneta,De Giorgio,adegiorgiol3@canalblog.com,Female,1987-10-11 04:48:56
761,Marillin,Avramovich,mavramovichl4@diigo.com,Female,1975-07-19 01:08:56
762,Karel,Fearneley,kfearneleyl5@w3.org,Female,1997-05-05 04:23:48
763,Land,McFater,lmcfaterl6@ed.gov,Male,1975-08-05 22:38:11
764,Madison,Biskupek,mbiskupekl7@liveinternet.ru,Male,1988-08-01 17:22:49
765,Farand,Walcher,fwalcherl8@ucoz.com,Female,1991-10-11 17:31:28
766,Berte,Gingle,bginglel9@stanford.edu,Female,1985-02-11 11:35:39
767,Lelia,Cootes,lcootesla@vkontakte.ru,Female,1989-04-13 10:35:01
768,Filbert,Gudd,fguddlb@bizjournals.com,Male,1983-03-05 16:23:35
769,Devland,O'Feeny,dofeenylc@privacy.gov.au,Male,1999-03-03 03:51:58
770,Klarrisa,Stapells,kstapellsld@dedecms.com,Female,1982-05-01 23:22:16
771,Cornelle,Hazelhurst,chazelhurstle@biblegateway.com,Female,1991-10-17 22:04:17
772,Janean,Gannicott,jgannicottlf@virginia.edu,Female,1991-04-04 18:52:51
773,Gradey,Billing,gbillinglg@pcworld.com,Male,1997-12-27 04:15:56
774,Flossy,Wickstead,fwicksteadlh@google.ca,Female,1992-11-24 13:46:58
775,Marylynne,Stephens,mstephensli@mtv.com,Female,1982-02-10 22:06:46
776,Rudd,Adel,radellj@ca.gov,Male,1989-12-16 23:37:21
777,Lib,Meeron,lmeeronlk@google.com.br,Female,1977-07-19 15:07:00
778,Frasco,Bonnette,fbonnettell@hc360.com,Male,1985-06-04 20:02:52
779,Ulrich,Gronaver,ugronaverlm@joomla.org,Male,1976-05-14 19:56:35
780,Camille,Weben,cwebenln@google.com.hk,Female,1982-11-12 20:33:17
781,Ganny,Thripp,gthripplo@nationalgeographic.com,Male,1988-01-13 05:26:25
782,Lemmy,Fitzmaurice,lfitzmauricelp@reddit.com,Male,1976-02-04 04:25:56
783,Gillie,Fanshawe,gfanshawelq@ning.com,Female,1994-02-14 13:23:30
784,Lyndell,Ambroise,lambroiselr@auda.org.au,Female,1987-12-14 21:42:00
785,Ambrosius,Skellion,askellionls@theglobeandmail.com,Male,1987-09-29 02:34:23
786,Daren,Sainsbury-Brown,dsainsburybrownlt@intel.com,Male,1979-10-03 15:40:27
787,Blane,Trundler,btrundlerlu@answers.com,Male,1996-06-30 21:44:22
788,Binky,Waddilove,bwaddilovelv@mozilla.com,Male,1986-06-09 19:54:29
789,Nanci,Greenroad,ngreenroadlw@bandcamp.com,Female,1985-02-19 00:17:02
790,Bevon,Quadri,bquadrilx@sciencedirect.com,Male,1989-10-20 05:30:47
791,Fleurette,Kinney,fkinneyly@msn.com,Female,1978-05-11 11:58:55
792,Dena,Garford,dgarfordlz@hhs.gov,Female,1975-07-16 14:27:03
793,Melli,Smitham,msmithamm0@bloomberg.com,Female,2000-01-10 08:43:53
794,Hewitt,Strete,hstretem1@parallels.com,Male,1998-04-15 21:32:50
795,Coral,Paten,cpatenm2@dot.gov,Female,1983-11-14 12:30:04
796,Warde,Minghella,wminghellam3@scribd.com,Male,1984-02-17 21:32:21
797,Xena,Schlagman,xschlagmanm4@wordpress.com,Female,1984-01-02 01:49:26
798,Raviv,Caen,rcaenm5@marketwatch.com,Male,1983-03-16 20:14:50
799,Duffie,Benthall,dbenthallm6@yahoo.com,Male,1992-09-23 02:16:21
800,Jimmie,Schimank,jschimankm7@comcast.net,Male,1980-11-30 13:49:01
801,Horatius,Pochin,hpochinm8@dmoz.org,Male,1983-05-24 15:31:20
802,Risa,Tarbert,rtarbertm9@admin.ch,Female,1984-02-18 11:20:39
803,Cozmo,Bendtsen,cbendtsenma@howstuffworks.com,Male,1981-06-25 12:40:15
804,Kristo,Stading,kstadingmb@goo.gl,Male,1998-09-03 02:01:26
805,Yorke,Rummery,yrummerymc@xing.com,Male,1997-01-22 19:37:00
806,Lonnie,Danielut,ldanielutmd@baidu.com,Male,1986-01-30 11:54:26
807,Pet,Hort,phortme@51.la,Female,1995-12-14 04:57:06
808,Theobald,Paulitschke,tpaulitschkemf@1688.com,Male,1997-09-27 21:14:44
809,Isadora,Kerr,ikerrmg@cyberchimps.com,Female,1994-01-06 14:18:27
810,Deane,Casement,dcasementmh@ox.ac.uk,Female,1983-08-17 12:13:35
811,Darin,Fearne,dfearnemi@addthis.com,Male,1982-11-13 14:47:42
812,Steward,Mathen,smathenmj@marketwatch.com,Male,1979-10-03 14:25:40
813,Dagmar,Boulds,dbouldsmk@jigsy.com,Female,1987-06-27 05:20:19
814,Carleton,Lafferty,claffertyml@mapquest.com,Male,1996-06-18 15:30:39
815,Trstram,Blastock,tblastockmm@live.com,Male,1981-06-23 06:46:34
816,Pauli,Deble,pdeblemn@mail.ru,Female,1997-10-29 20:30:55
817,Mendel,Persent,mpersentmo@utexas.edu,Male,1998-12-08 10:58:45
818,Charissa,Shields,cshieldsmp@usnews.com,Female,1987-11-17 01:08:16
819,Pierce,Mitchley,pmitchleymq@state.tx.us,Male,1991-03-18 12:24:11
820,Mozelle,Deluca,mdelucamr@elpais.com,Female,1982-06-17 04:58:36
821,Dallon,Teodoro,dteodoroms@telegraph.co.uk,Male,1981-06-23 14:04:16
822,Courtenay,Nowak,cnowakmt@senate.gov,Female,1986-09-12 11:11:49
823,Rufus,Esslement,resslementmu@reddit.com,Male,1989-05-17 09:42:35
824,Haskell,Gjerde,hgjerdemv@360.cn,Male,1999-02-18 11:02:32
825,Forrester,Elleton,felletonmw@zimbio.com,Male,1992-09-18 00:52:38
826,Bendix,Malthouse,bmalthousemx@squidoo.com,Male,1995-09-15 16:40:36
827,Isadore,Bonehill,ibonehillmy@imdb.com,Male,1988-09-12 21:38:10
828,Garner,Keighley,gkeighleymz@fotki.com,Male,1987-04-30 21:58:33
829,Hugibert,Loudwell,hloudwelln0@wufoo.com,Male,1976-06-16 05:26:21
830,Rodolph,Ballintime,rballintimen1@edublogs.org,Male,1988-12-10 19:25:24
831,Malory,Becket,mbecketn2@linkedin.com,Female,1990-07-31 10:53:35
832,Alexandr,Dunkersley,adunkersleyn3@behance.net,Male,1999-06-24 06:16:39
833,Cassius,de Wilde,cdewilden4@earthlink.net,Male,1984-11-12 09:56:20
834,Gerta,Ronnay,gronnayn5@cornell.edu,Female,1981-08-29 09:05:44
835,Audrie,Zambonini,azamboninin6@usda.gov,Female,1983-08-21 02:33:38
836,Lizzy,Moyse,lmoysen7@jugem.jp,Female,1975-04-30 15:27:58
837,Rani,Children,rchildrenn8@youku.com,Female,1999-11-13 03:07:52
838,Pryce,Guirau,pguiraun9@globo.com,Male,1995-10-02 21:38:19
839,Pascal,Halm,phalmna@google.ca,Male,1981-05-02 19:31:58
840,Torrence,Durkin,tdurkinnb@cafepress.com,Male,1995-08-22 00:29:31
841,Elizabet,Berryman,eberrymannc@ted.com,Female,1981-11-24 04:24:59
842,Magdaia,MacCardle,mmaccardlend@ovh.net,Female,1986-03-03 17:56:48
843,Roland,Lebell,rlebellne@utexas.edu,Male,1997-10-14 04:01:53
844,Emmey,McFetridge,emcfetridgenf@goo.ne.jp,Female,1997-04-01 11:52:07
845,Townie,Roskelly,troskellyng@blogspot.com,Male,1996-08-30 23:58:57
846,Verene,Ruddin,vruddinnh@aboutads.info,Female,1992-03-23 03:53:01
847,Laurie,Buckle,lbuckleni@360.cn,Male,1995-03-01 21:59:03
848,Stefano,Driffill,sdriffillnj@accuweather.com,Male,1989-01-28 21:19:00
849,Thurston,Dinsmore,tdinsmorenk@homestead.com,Male,1990-10-22 07:22:29
850,Susi,Haskew,shaskewnl@xing.com,Female,1995-05-11 16:26:40
851,Gearard,McGall,gmcgallnm@google.fr,Male,1981-07-01 13:09:45
852,Nessi,Hollidge,nhollidgenn@comcast.net,Female,1984-12-17 01:21:33
853,Derrik,Lovelock,dlovelockno@gov.uk,Male,1987-03-07 16:46:01
854,Berri,McKeller,bmckellernp@npr.org,Female,1982-09-25 17:11:14
855,Jacquette,Churching,jchurchingnq@cafepress.com,Female,1991-06-14 08:21:56
856,Hugh,Pareman,hparemannr@woothemes.com,Male,1975-04-20 17:03:20
857,Chrissy,Lis,clisns@homestead.com,Female,1991-06-30 20:57:00
858,Kristina,Brindle,kbrindlent@sohu.com,Female,1985-10-18 22:27:02
859,Rodrick,Garner,rgarnernu@marketwatch.com,Male,1991-01-29 05:43:19
860,Ingeberg,Dufall,idufallnv@google.com.br,Female,1981-08-23 15:54:33
861,Melessa,McGannon,mmcgannonnw@php.net,Female,1976-03-05 21:59:46
862,Rosabella,Durnell,rdurnellnx@wp.com,Female,1998-03-24 15:39:44
863,Chelsie,McIlvaney,cmcilvaneyny@yahoo.com,Female,1981-04-18 17:39:49
864,Ernaline,Willars,ewillarsnz@eventbrite.com,Female,1995-02-04 04:37:48
865,Homer,Beckwith,hbeckwitho0@sciencedaily.com,Male,1996-05-30 07:22:53
866,Horacio,Abbets,habbetso1@umich.edu,Male,1985-03-28 00:25:17
867,Ab,Herety,aheretyo2@people.com.cn,Male,1986-04-11 03:57:08
868,Renaldo,Barrowcliffe,rbarrowcliffeo3@1688.com,Male,1979-09-11 01:22:02
869,Tymothy,Conws,tconwso4@tinypic.com,Male,1979-04-29 08:20:36
870,Lyndell,Dugald,ldugaldo5@google.co.uk,Female,1975-11-26 01:36:09
871,Hal,Youde,hyoudeo6@umich.edu,Male,1988-03-20 22:02:47
872,Lydon,McGuigan,lmcguigano7@walmart.com,Male,1991-11-06 17:16:12
873,Leanora,Riglesford,lriglesfordo8@stanford.edu,Female,1995-12-07 12:00:54
874,Ilyssa,Jacomb,ijacombo9@slashdot.org,Female,1997-08-21 18:45:01
875,Alexa,Greenshiels,agreenshielsoa@ezinearticles.com,Female,1997-03-13 09:15:13
876,Conni,Barneveld,cbarneveldob@nature.com,Female,1980-12-31 00:02:45
877,Sol,Casassa,scasassaoc@yahoo.com,Male,1997-12-04 20:23:33
878,Catlaina,Recher,crecherod@pbs.org,Female,1991-08-02 10:28:26
879,Arda,Drain,adrainoe@csmonitor.com,Female,1983-09-06 07:44:04
880,Thom,Robbeke,trobbekeof@washingtonpost.com,Male,1995-12-18 11:04:45
881,Burtie,Bresland,bbreslandog@digg.com,Male,1993-08-22 16:28:17
882,Ivy,Bussen,ibussenoh@unesco.org,Female,1997-12-12 14:45:38
883,Rayshell,Bromby,rbrombyoi@hibu.com,Female,1990-04-13 05:29:32
884,Andreana,Edelheit,aedelheitoj@istockphoto.com,Female,1993-12-28 10:29:49
885,Jeramie,Reith,jreithok@addthis.com,Male,1986-09-21 19:57:35
886,Efren,Lanbertoni,elanbertoniol@weather.com,Male,1981-03-24 06:27:41
887,Drake,Henkens,dhenkensom@dropbox.com,Male,1988-04-15 08:54:01
888,Celisse,Redolfi,credolfion@webs.com,Female,1982-10-29 23:40:01
889,Timoteo,Yter,tyteroo@mtv.com,Male,1984-03-15 18:57:00
890,Xaviera,Klimochkin,xklimochkinop@guardian.co.uk,Female,1976-12-11 18:01:38
891,Angel,Emloch,aemlochoq@meetup.com,Female,1984-01-04 13:57:45
892,Bryan,Yeatman,byeatmanor@washingtonpost.com,Male,1985-02-23 08:59:11
893,Daloris,Bryenton,dbryentonos@kickstarter.com,Female,1995-04-03 09:59:35
894,Rosette,Daniel,rdanielot@reddit.com,Female,1981-10-06 18:26:38
895,Netty,Maffiotti,nmaffiottiou@so-net.ne.jp,Female,1993-09-03 03:04:00
896,Rosella,Bucklee,rbuckleeov@businessweek.com,Female,1996-03-18 03:33:23
897,Dud,Mighele,dmigheleow@jalbum.net,Male,1975-07-10 19:48:24
898,Herbie,Hempshall,hhempshallox@macromedia.com,Male,1976-07-07 04:29:12
899,Hewet,Ailward,hailwardoy@huffingtonpost.com,Male,1989-09-02 17:34:55
900,Killian,Grabham,kgrabhamoz@bigcartel.com,Male,1998-03-19 02:27:31
901,Shelden,Morecombe,smorecombep0@fda.gov,Male,1988-03-08 23:51:59
902,Inessa,Scroxton,iscroxtonp1@spiegel.de,Female,1996-04-25 20:23:42
903,Filia,Maharg,fmahargp2@feedburner.com,Female,1981-06-29 22:30:26
904,Frederik,Aldwich,faldwichp3@squarespace.com,Male,1980-12-16 02:42:40
905,Dane,Guerola,dguerolap4@fda.gov,Male,1986-09-11 01:57:30
906,Frayda,Pawlata,fpawlatap5@163.com,Female,1987-08-16 19:54:59
907,Marla,Dimbleby,mdimblebyp6@bravesites.com,Female,1987-11-24 19:36:06
908,Mycah,Kittow,mkittowp7@mozilla.com,Male,1995-09-09 17:03:48
909,Melanie,Farley,mfarleyp8@guardian.co.uk,Female,1990-07-28 15:35:00
910,Pooh,Daglish,pdaglishp9@virginia.edu,Female,1996-12-24 06:46:04
911,Gianni,Ateridge,gateridgepa@illinois.edu,Male,1984-05-10 04:38:14
912,Abbey,Geyton,ageytonpb@51.la,Female,1978-11-08 21:33:37
913,Jennica,Durrans,jdurranspc@xrea.com,Female,2000-02-05 11:20:16
914,Aeriell,Chawner,achawnerpd@csmonitor.com,Female,1995-08-22 18:35:12
915,Sarah,Stoak,sstoakpe@gravatar.com,Female,1987-04-23 19:01:45
916,Padriac,Bortol,pbortolpf@netlog.com,Male,1991-01-07 18:33:53
917,Ambrosius,Woolvett,awoolvettpg@smugmug.com,Male,1978-02-01 14:22:15
918,Wayland,Manthroppe,wmanthroppeph@dot.gov,Male,1986-08-23 08:03:36
919,Care,Paskerful,cpaskerfulpi@ow.ly,Male,1992-03-31 23:08:45
920,Rorie,Lefort,rlefortpj@shinystat.com,Female,1982-10-23 04:06:26
921,Deane,Shoebridge,dshoebridgepk@google.es,Male,1985-04-09 08:10:01
922,Beale,Houlridge,bhoulridgepl@china.com.cn,Male,1992-08-11 02:49:47
923,Jandy,Dillway,jdillwaypm@ameblo.jp,Female,1992-06-07 21:46:54
924,Wandis,Becke,wbeckepn@shareasale.com,Female,1997-12-11 12:25:13
925,Tilly,Leitche,tleitchepo@whitehouse.gov,Female,1984-05-05 10:56:18
926,Seth,Lakeland,slakelandpp@google.com,Male,1975-12-26 21:16:59
927,Tonya,Hearst,thearstpq@jimdo.com,Female,1982-11-12 01:24:20
928,Janel,Burtenshaw,jburtenshawpr@about.me,Female,1982-10-14 16:52:08
929,Cleo,Kingsworth,ckingsworthps@sakura.ne.jp,Female,1978-05-01 02:50:42
930,Ebenezer,Bazely,ebazelypt@omniture.com,Male,1996-04-09 13:03:33
931,Florencia,Marie,fmariepu@myspace.com,Female,1994-07-08 19:18:51
932,Emmye,Rannells,erannellspv@odnoklassniki.ru,Female,1980-11-17 07:06:10
933,Konstance,Heersema,kheersemapw@homestead.com,Female,1976-04-19 08:49:12
934,Amalie,Grayland,agraylandpx@plala.or.jp,Female,1994-06-08 04:03:29
935,Flint,Caras,fcaraspy@networkadvertising.org,Male,1987-03-16 02:35:53
936,Constancia,McClelland,cmcclellandpz@xing.com,Female,1995-09-24 10:56:25
937,Maison,Caddick,mcaddickq0@engadget.com,Male,1989-10-09 18:18:49
938,Camella,Dummett,cdummettq1@loc.gov,Female,1988-06-11 18:06:39
939,Elonore,Thame,ethameq2@123-reg.co.uk,Female,1976-06-04 11:45:46
940,Brena,Rockey,brockeyq3@jugem.jp,Female,1985-07-01 00:16:03
941,Gwendolen,Brumwell,gbrumwellq4@indiegogo.com,Female,1990-10-26 12:51:39
942,Lorens,Josskowitz,ljosskowitzq5@techcrunch.com,Male,1989-03-22 02:48:38
943,Kurtis,Basill,kbasillq6@reuters.com,Male,1983-12-28 12:03:48
944,Wenda,Janczak,wjanczakq7@360.cn,Female,1988-04-07 11:00:15
945,Barret,Duff,bduffq8@jiathis.com,Male,1978-08-24 05:54:55
946,Nerissa,Betteney,nbetteneyq9@privacy.gov.au,Female,1979-02-27 23:50:56
947,Bibbie,Hubbert,bhubbertqa@springer.com,Female,1994-02-25 10:09:55
948,Joelynn,Carrel,jcarrelqb@sogou.com,Female,1990-01-05 03:22:27
949,Zabrina,Charnock,zcharnockqc@nifty.com,Female,1988-03-31 20:45:47
950,Alonzo,Barthram,abarthramqd@creativecommons.org,Male,1985-08-23 07:07:19
951,Horacio,Diaper,hdiaperqe@google.com.au,Male,1992-03-30 02:13:02
952,Dorice,Ogley,dogleyqf@springer.com,Female,1987-06-30 14:31:24
953,Tyne,Redley,tredleyqg@com.com,Female,1999-06-30 23:26:02
954,Dorri,Mersh,dmershqh@baidu.com,Female,1975-12-28 06:10:38
955,Minta,Acome,macomeqi@imageshack.us,Female,1995-10-22 09:44:35
956,Kristian,Lucian,klucianqj@usa.gov,Male,1985-02-02 10:58:48
957,Caria,McKimmey,cmckimmeyqk@yale.edu,Female,1999-04-12 11:42:57
958,Humberto,Gillian,hgillianql@skyrock.com,Male,1975-06-02 00:37:39
959,Jodie,Klossek,jklossekqm@mozilla.org,Male,1987-05-11 07:19:14
960,Hally,Legerwood,hlegerwoodqn@ovh.net,Female,1983-10-14 00:55:53
961,Westbrooke,Razoux,wrazouxqo@answers.com,Male,1987-02-23 13:11:39
962,Olive,Lequeux,olequeuxqp@123-reg.co.uk,Female,1994-03-26 03:06:02
963,Wendall,Whitsun,wwhitsunqq@businessweek.com,Male,1989-10-12 07:41:06
964,Cordie,Rottger,crottgerqr@gmpg.org,Female,1990-07-13 11:24:40
965,Tanner,Thorrold,tthorroldqs@nationalgeographic.com,Male,1983-06-21 11:03:37
966,Meredithe,MacPhee,mmacpheeqt@facebook.com,Female,1999-11-11 02:25:30
967,Debbi,Shenley,dshenleyqu@desdev.cn,Female,1981-11-25 02:41:58
968,Analiese,Robarts,arobartsqv@walmart.com,Female,1989-08-04 02:05:31
969,Ceil,Huband,chubandqw@about.me,Female,1997-09-03 11:14:47
970,Pennie,Sellors,psellorsqx@wordpress.com,Male,1982-08-08 19:37:45
971,Leonore,Gatling,lgatlingqy@goo.ne.jp,Female,1983-10-12 18:39:32
972,Barde,Whitnall,bwhitnallqz@fda.gov,Male,1980-12-12 14:41:28
973,Jackqueline,Scatchard,jscatchardr0@hhs.gov,Female,1979-06-30 13:33:57
974,Joellen,Andreu,jandreur1@yelp.com,Female,1979-10-04 15:04:09
975,Susanetta,Foucher,sfoucherr2@alibaba.com,Female,1984-10-22 14:54:09
976,Abramo,Mucillo,amucillor3@tiny.cc,Male,1990-10-16 11:29:30
977,Annora,Brownrigg,abrownriggr4@issuu.com,Female,1988-07-03 16:06:11
978,Casey,Thorsby,cthorsbyr5@sfgate.com,Male,1975-11-15 09:20:02
979,Gus,Bloy,gbloyr6@sitemeter.com,Female,1995-08-17 11:44:59
980,Gonzales,Dellenbroker,gdellenbrokerr7@qq.com,Male,1981-06-06 23:07:21
981,Zelig,Griffoen,zgriffoenr8@prnewswire.com,Male,1986-09-12 01:25:09
982,Danyelle,Heardman,dheardmanr9@independent.co.uk,Female,1988-07-29 05:18:10
983,Evin,Gilffillan,egilffillanra@blog.com,Male,1997-05-04 14:43:18
984,Jana,Dessant,jdessantrb@gov.uk,Female,1991-04-09 09:06:11
985,Krystle,Wilcott,kwilcottrc@wikipedia.org,Female,1977-10-03 14:47:49
986,Jessa,Leindecker,jleindeckerrd@mediafire.com,Female,1986-04-13 03:46:23
987,Geoff,Gutherson,gguthersonre@amazon.co.jp,Male,1983-08-25 05:25:00
988,Erl,Brood,ebroodrf@youku.com,Male,1992-04-23 18:23:00
989,Tiena,Biagini,tbiaginirg@opensource.org,Female,1981-12-08 09:22:18
990,Yard,Mash,ymashrh@newyorker.com,Male,1991-12-01 03:01:31
991,Grover,Isakowicz,gisakowiczri@sciencedaily.com,Male,1977-03-01 21:17:08
992,Julius,Kohnen,jkohnenrj@acquirethisname.com,Male,1985-09-24 13:45:25
993,Dav,Gricewood,dgricewoodrk@amazon.co.jp,Male,1986-09-25 06:18:58
994,Phebe,Conduit,pconduitrl@wordpress.com,Female,1976-10-07 10:45:46
995,Kim,Mc Gorley,kmcgorleyrm@prnewswire.com,Male,1978-07-26 11:10:57
996,Chloe,Fransson,cfranssonrn@ning.com,Female,1982-05-10 01:21:43
997,Lenard,Gear,lgearro@vkontakte.ru,Male,1983-06-26 08:24:06
998,Mikel,Isaacson,misaacsonrp@mysql.com,Male,1978-07-31 15:37:52
999,Skell,Heitz,sheitzrq@360.cn,Male,1980-03-31 10:30:44
1000,Carla,Begg,cbeggrr@oaic.gov.au,Female,1986-10-15 16:50:08
